{
  "EURQ": 1.1425,
  "ZUSD": 1.0,
  "USDD": 0.9988999999999999,
  "EURR": 1.14245,
  "DOGE": 0.2217431,
  "USDQ": 0.99925,
  "ZEUR": 1.144015,
  "USDG": 1.0000499999999999,
  "TUSD": 1.0437,
  "PYUSD": 0.99985,
  "LSETH": 4134.049999999999
}